,mean_fit_time,std_fit_time,mean_score_time,std_score_time,param_clf__subsample,param_clf__n_estimators,param_clf__max_depth,param_clf__learning_rate,param_clf__colsample_bytree,param_clf__colsample_bylevel,params,split0_test_score,split1_test_score,split2_test_score,split3_test_score,split4_test_score,mean_test_score,std_test_score,rank_test_score
0,101.01141600608825,0.6340928699728192,6.1486509323120115,0.17875414286234506,0.5,100,40,0.1,0.6,0.7999999999999999,"{'clf__subsample': 0.5, 'clf__n_estimators': 100, 'clf__max_depth': 40, 'clf__learning_rate': 0.1, 'clf__colsample_bytree': 0.6, 'clf__colsample_bylevel': 0.7999999999999999}",0.7260685583628852,0.7263860808579022,0.7248922436221643,0.7305489432521655,0.7283322475019371,0.7272456147194108,0.0019877306581247015,29
1,172.68379678726197,10.12903948345286,20.151584529876708,0.6925084282515181,0.5,250,80,0.1,0.5,0.4,"{'clf__subsample': 0.5, 'clf__n_estimators': 250, 'clf__max_depth': 80, 'clf__learning_rate': 0.1, 'clf__colsample_bytree': 0.5, 'clf__colsample_bylevel': 0.4}",0.7248097644159655,0.7257775637507725,0.7255843214332821,0.7284200323205221,0.7283439072782687,0.7265871178397622,0.0015010561797586827,38
2,32.944952201843265,0.23773366244535857,0.7106627464294434,0.028105635141653505,0.5,250,,0.3,0.6,0.5,"{'clf__subsample': 0.5, 'clf__n_estimators': 250, 'clf__max_depth': None, 'clf__learning_rate': 0.3, 'clf__colsample_bytree': 0.6, 'clf__colsample_bylevel': 0.5}",0.7200371390446642,0.7167093771549944,0.7164814398058879,0.7209578451266883,0.717779113380168,0.7183929829024804,0.001797060308535675,85
3,407.69085559844973,3.7793716810685223,15.815749025344848,0.4751419730648602,0.5,250,90,0.3,0.8999999999999999,0.8999999999999999,"{'clf__subsample': 0.5, 'clf__n_estimators': 250, 'clf__max_depth': 90, 'clf__learning_rate': 0.3, 'clf__colsample_bytree': 0.8999999999999999, 'clf__colsample_bylevel': 0.8999999999999999}",0.7179654067746927,0.7224310651109594,0.7218891861643358,0.7239542548331368,0.7201400432252225,0.7212759912216695,0.0020559011129496303,74
4,278.317473077774,2.6194829570417384,20.82376012802124,0.7264631744013994,0.8999999999999999,250,80,0.3,0.5,0.7,"{'clf__subsample': 0.8999999999999999, 'clf__n_estimators': 250, 'clf__max_depth': 80, 'clf__learning_rate': 0.3, 'clf__colsample_bytree': 0.5, 'clf__colsample_bylevel': 0.7}",0.7264768564212526,0.7264651191116837,0.726483850762172,0.7285200801262294,0.7269091451902093,0.7269710103223093,0.0007925759249356118,31
5,70.09614667892455,1.4446104749950623,4.996489191055298,0.1754783681087635,0.8999999999999999,100,30,0.3,0.4,0.7,"{'clf__subsample': 0.8999999999999999, 'clf__n_estimators': 100, 'clf__max_depth': 30, 'clf__learning_rate': 0.3, 'clf__colsample_bytree': 0.4, 'clf__colsample_bylevel': 0.7}",0.7281440869390107,0.7266088029480959,0.724841582117755,0.7305251086008483,0.7289856795180899,0.72782105202476,0.0019554753627367798,17
6,2508.1484858512877,367.0765396874658,1047.0972300052642,33.90333003924373,0.5,500,80,0.1,0.7999999999999999,0.5,"{'clf__subsample': 0.5, 'clf__n_estimators': 500, 'clf__max_depth': 80, 'clf__learning_rate': 0.1, 'clf__colsample_bytree': 0.7999999999999999, 'clf__colsample_bylevel': 0.5}",0.7236288104744932,0.7267494783627361,0.7252407119596167,0.7278651736463911,0.7270234670975536,0.7261015283081582,0.0014990392626299818,42
7,2626.865050458908,2213.3721357606837,391.3942138671875,459.06110160299033,0.5,250,40,0.01,0.7999999999999999,0.7999999999999999,"{'clf__subsample': 0.5, 'clf__n_estimators': 250, 'clf__max_depth': 40, 'clf__learning_rate': 0.01, 'clf__colsample_bytree': 0.7999999999999999, 'clf__colsample_bylevel': 0.7999999999999999}",0.7202942495938566,0.7177671739137588,0.720566882113718,0.726425055220741,0.7225584795290346,0.7215223680742218,0.0028855703009543435,73
8,1040.4757056236267,37.77330462043007,5.4511981964111325,0.14754990818161062,0.6,100,60,0.1,0.5,0.5,"{'clf__subsample': 0.6, 'clf__n_estimators': 100, 'clf__max_depth': 60, 'clf__learning_rate': 0.1, 'clf__colsample_bytree': 0.5, 'clf__colsample_bylevel': 0.5}",0.7265156019382578,0.7238934770589981,0.7244562720113429,0.7291642472676599,0.7274435852877937,0.7262946367128105,0.0019364258650418264,40
9,2080.5784346580504,36.79957682291948,419.1208063602447,500.39527448348844,0.7999999999999999,250,20,0.01,0.4,0.7999999999999999,"{'clf__subsample': 0.7999999999999999, 'clf__n_estimators': 250, 'clf__max_depth': 20, 'clf__learning_rate': 0.01, 'clf__colsample_bytree': 0.4, 'clf__colsample_bylevel': 0.7999999999999999}",0.7056829332792155,0.7006168643023818,0.7032222230637138,0.7051553680356498,0.7034084865958584,0.7036171750553639,0.0017795953049674277,94
10,2776.1090764045716,499.35994737423624,378.63129487037656,445.0404416886324,0.7999999999999999,250,80,0.3,0.4,0.7,"{'clf__subsample': 0.7999999999999999, 'clf__n_estimators': 250, 'clf__max_depth': 80, 'clf__learning_rate': 0.3, 'clf__colsample_bytree': 0.4, 'clf__colsample_bylevel': 0.7}",0.7257371312861499,0.7259016764636852,0.7230527175040147,0.727357813743907,0.7258851820116957,0.7255869042018904,0.0013977726733026615,49
11,2258.5459329128266,362.4987497307074,211.58728466033935,410.841815988864,0.7999999999999999,100,90,0.2,0.6,0.7999999999999999,"{'clf__subsample': 0.7999999999999999, 'clf__n_estimators': 100, 'clf__max_depth': 90, 'clf__learning_rate': 0.2, 'clf__colsample_bytree': 0.6, 'clf__colsample_bylevel': 0.7999999999999999}",0.7245039901990264,0.7256060199809872,0.7246355676230922,0.7309616477778615,0.726476204808213,0.7264366860778362,0.002372601413182955,39
12,5735.172173643112,364.2763533575148,30.96186900138855,0.250074226612954,0.7,500,50,0.3,0.5,0.6,"{'clf__subsample': 0.7, 'clf__n_estimators': 500, 'clf__max_depth': 50, 'clf__learning_rate': 0.3, 'clf__colsample_bytree': 0.5, 'clf__colsample_bylevel': 0.6}",0.7236593781914786,0.7224308759287997,0.7217686611305676,0.7237964356218977,0.7237396977325494,0.7230790097210587,0.0008276626093342336,68
13,2177.0019857406614,357.6024211716074,11.658458280563355,0.5249739559874075,0.5,250,30,0.3,0.6,0.4,"{'clf__subsample': 0.5, 'clf__n_estimators': 250, 'clf__max_depth': 30, 'clf__learning_rate': 0.3, 'clf__colsample_bytree': 0.6, 'clf__colsample_bylevel': 0.4}",0.7189476936428323,0.7204148119133333,0.718292103849352,0.7234113481032083,0.7208020414010917,0.7203735997819636,0.001776457663953119,77
14,220.24354000091552,386.81644506727747,2.156335210800171,0.08169220253171387,0.8999999999999999,100,20,0.1,0.5,0.4,"{'clf__subsample': 0.8999999999999999, 'clf__n_estimators': 100, 'clf__max_depth': 20, 'clf__learning_rate': 0.1, 'clf__colsample_bytree': 0.5, 'clf__colsample_bylevel': 0.4}",0.7247363116266782,0.7224664564917143,0.7242503550031909,0.7278970916451286,0.7262986278207989,0.7251297685175022,0.0018463865664803893,52
15,1007.9136769771576,0.33382606064168313,207.28721523284912,405.7797415589081,0.7999999999999999,100,30,0.01,0.7999999999999999,0.4,"{'clf__subsample': 0.7999999999999999, 'clf__n_estimators': 100, 'clf__max_depth': 30, 'clf__learning_rate': 0.01, 'clf__colsample_bytree': 0.7999999999999999, 'clf__colsample_bylevel': 0.4}",0.7127049848869694,0.7120242805586298,0.7157035684580446,0.7189742209677868,0.7165554255020533,0.7151924960746967,0.0025552109986186605,86
16,2022.9986764907837,19.383762566191365,4.97941837310791,0.06239478041002091,0.6,100,50,0.3,0.6,0.5,"{'clf__subsample': 0.6, 'clf__n_estimators': 100, 'clf__max_depth': 50, 'clf__learning_rate': 0.3, 'clf__colsample_bytree': 0.6, 'clf__colsample_bylevel': 0.5}",0.7226970789018707,0.7214893258815863,0.7228943291229076,0.7253568737604053,0.7236992339241375,0.7232273683181816,0.0012783085746869084,67
17,7457.4263241767885,497.3707432504828,137.96927309036255,115.94002136714627,0.6,500,70,0.1,0.6,0.5,"{'clf__subsample': 0.6, 'clf__n_estimators': 500, 'clf__max_depth': 70, 'clf__learning_rate': 0.1, 'clf__colsample_bytree': 0.6, 'clf__colsample_bylevel': 0.5}",0.7253533912840036,0.728494587130943,0.7255753664644089,0.731276639500295,0.7284180645022214,0.7278236097763743,0.0021855698888643706,16
18,2022.04251871109,41.54991264738396,5.0066228866577145,0.07594665319665288,0.5,100,90,0.2,0.7999999999999999,0.5,"{'clf__subsample': 0.5, 'clf__n_estimators': 100, 'clf__max_depth': 90, 'clf__learning_rate': 0.2, 'clf__colsample_bytree': 0.7999999999999999, 'clf__colsample_bylevel': 0.5}",0.7216746173283874,0.7202291436204401,0.7227121736725984,0.726222435470664,0.7242216809570055,0.7230120102098191,0.0020684777878772547,70
19,1407.6739603042602,478.4739512493304,194.16784725189208,384.092047854944,0.7999999999999999,100,20,0.1,0.8999999999999999,0.7999999999999999,"{'clf__subsample': 0.7999999999999999, 'clf__n_estimators': 100, 'clf__max_depth': 20, 'clf__learning_rate': 0.1, 'clf__colsample_bytree': 0.8999999999999999, 'clf__colsample_bylevel': 0.7999999999999999}",0.7276543947760921,0.7258624065812209,0.7297433649980857,0.7346537073752857,0.728806089176531,0.7293439925814431,0.0029535772010540655,4
20,1106.7033944129944,377.03828147705525,39.174220657348634,0.0723324417623831,0.8999999999999999,500,60,0.3,0.7999999999999999,0.8999999999999999,"{'clf__subsample': 0.8999999999999999, 'clf__n_estimators': 500, 'clf__max_depth': 60, 'clf__learning_rate': 0.3, 'clf__colsample_bytree': 0.7999999999999999, 'clf__colsample_bylevel': 0.8999999999999999}",0.7232982950282865,0.7245451279713326,0.7260979192261979,0.7307783735449759,0.7255074600447577,0.7260454351631102,0.0025491401735267794,44
21,2212.9860570430756,1916.999387723951,409.058008146286,451.5137947846355,0.8999999999999999,500,80,0.3,0.6,0.8999999999999999,"{'clf__subsample': 0.8999999999999999, 'clf__n_estimators': 500, 'clf__max_depth': 80, 'clf__learning_rate': 0.3, 'clf__colsample_bytree': 0.6, 'clf__colsample_bylevel': 0.8999999999999999}",0.7257614714267941,0.7271471851304117,0.7262779169284574,0.7290543192227535,0.726089156193902,0.7268660097804638,0.0011863488074672548,35
22,1427.6495705604552,181.43209299038392,195.77121772766114,146.5595144175974,0.6,250,70,0.2,0.7999999999999999,0.5,"{'clf__subsample': 0.6, 'clf__n_estimators': 250, 'clf__max_depth': 70, 'clf__learning_rate': 0.2, 'clf__colsample_bytree': 0.7999999999999999, 'clf__colsample_bylevel': 0.5}",0.7239461115006,0.7231264217635438,0.7223221288480348,0.7269394414150832,0.7258832229483563,0.7244434652951236,0.0017195831863681926,57
23,6656.602327108383,635.751654035619,1016.9508257389068,4.096541002455348,0.6,500,80,0.1,0.6,0.6,"{'clf__subsample': 0.6, 'clf__n_estimators': 500, 'clf__max_depth': 80, 'clf__learning_rate': 0.1, 'clf__colsample_bytree': 0.6, 'clf__colsample_bylevel': 0.6}",0.7250313202858261,0.7275103712986988,0.7258532045508213,0.7302483593037071,0.728393841211048,0.7274074193300203,0.0018501890399101506,24
24,3906.830455827713,1850.8285900797273,237.86681895256044,385.3032868656093,0.7,500,30,0.2,0.5,0.8999999999999999,"{'clf__subsample': 0.7, 'clf__n_estimators': 500, 'clf__max_depth': 30, 'clf__learning_rate': 0.2, 'clf__colsample_bytree': 0.5, 'clf__colsample_bylevel': 0.8999999999999999}",0.7276417783812333,0.7252474919417576,0.725977179601499,0.7286480983724027,0.7254879317685689,0.7266004960130923,0.001321657062649526,37
25,682.7715197086334,96.26076130372869,49.072073745727536,1.4452530364607128,0.6,500,90,0.2,0.4,0.8999999999999999,"{'clf__subsample': 0.6, 'clf__n_estimators': 500, 'clf__max_depth': 90, 'clf__learning_rate': 0.2, 'clf__colsample_bytree': 0.4, 'clf__colsample_bylevel': 0.8999999999999999}",0.7265365648807403,0.7257505833230645,0.7247567595935368,0.7271149609999843,0.7268689172288175,0.7262055572052286,0.000858212516473034,41
26,101.82278170585633,4.631504311904316,7.881851100921631,0.6470821722953118,0.7,100,40,0.2,0.7999999999999999,0.4,"{'clf__subsample': 0.7, 'clf__n_estimators': 100, 'clf__max_depth': 40, 'clf__learning_rate': 0.2, 'clf__colsample_bytree': 0.7999999999999999, 'clf__colsample_bylevel': 0.4}",0.7227223825050137,0.7228360956561504,0.7234073820480612,0.7260910103986261,0.725249943910407,0.7240613629036516,0.0013604435349319215,59
27,133.24975986480712,1.4822168937866718,20.890533542633058,0.6938704130427944,0.8999999999999999,250,30,0.1,0.4,0.4,"{'clf__subsample': 0.8999999999999999, 'clf__n_estimators': 250, 'clf__max_depth': 30, 'clf__learning_rate': 0.1, 'clf__colsample_bytree': 0.4, 'clf__colsample_bylevel': 0.4}",0.728437928935619,0.7277299786706346,0.7276289552547953,0.7319362118720494,0.7319392594663569,0.7295344668398911,0.001981966402602598,3
28,340.15211591720583,3.8894893104781474,24.20157346725464,1.176927231269715,0.7999999999999999,250,50,0.3,0.5,0.8999999999999999,"{'clf__subsample': 0.7999999999999999, 'clf__n_estimators': 250, 'clf__max_depth': 50, 'clf__learning_rate': 0.3, 'clf__colsample_bytree': 0.5, 'clf__colsample_bylevel': 0.8999999999999999}",0.7244166211933893,0.7237088644067535,0.7232167331287772,0.7296215377307301,0.7259171894411077,0.7253761891801516,0.002309963577949972,51
29,83.52640552520752,1.1752552499620297,3.420279550552368,0.5210417277746494,0.5,250,10,0.01,0.8999999999999999,0.4,"{'clf__subsample': 0.5, 'clf__n_estimators': 250, 'clf__max_depth': 10, 'clf__learning_rate': 0.01, 'clf__colsample_bytree': 0.8999999999999999, 'clf__colsample_bylevel': 0.4}",0.6952562623656136,0.6921552090855081,0.6945765625627774,0.6951673077928723,0.6959248746728773,0.6946160432959297,0.0013026186176721432,96
30,1023.2183356285095,3.509346839138249,58.665909337997434,3.9391227823206267,0.7,500,30,0.01,0.8999999999999999,0.8999999999999999,"{'clf__subsample': 0.7, 'clf__n_estimators': 500, 'clf__max_depth': 30, 'clf__learning_rate': 0.01, 'clf__colsample_bytree': 0.8999999999999999, 'clf__colsample_bylevel': 0.8999999999999999}",0.7252115622102454,0.7253297878820651,0.7283496283805189,0.7330131662509255,0.7290138240523756,0.7281835937552261,0.0028642206549204753,12
31,272.32470703125,7.281873850205162,25.993365430831908,1.3822107936260035,0.8999999999999999,250,70,0.01,0.7,0.4,"{'clf__subsample': 0.8999999999999999, 'clf__n_estimators': 250, 'clf__max_depth': 70, 'clf__learning_rate': 0.01, 'clf__colsample_bytree': 0.7, 'clf__colsample_bylevel': 0.4}",0.7171600923184024,0.7176581282592371,0.7193921559120044,0.7222371551210001,0.7211634461569539,0.7195221955535196,0.001956317861476371,81
32,224.65389752388,6.2118691730632065,21.855448627471922,0.7386337692758984,0.7,250,50,0.01,0.6,0.4,"{'clf__subsample': 0.7, 'clf__n_estimators': 250, 'clf__max_depth': 50, 'clf__learning_rate': 0.01, 'clf__colsample_bytree': 0.6, 'clf__colsample_bylevel': 0.4}",0.7122800998996949,0.7097128253478497,0.7123611300191635,0.7135605874154968,0.7142633628800923,0.7124356011124595,0.0015523879474213813,89
33,228.6848654270172,3.72498406949221,7.530735635757447,0.16348928177373215,0.7,100,50,0.3,0.8999999999999999,0.7999999999999999,"{'clf__subsample': 0.7, 'clf__n_estimators': 100, 'clf__max_depth': 50, 'clf__learning_rate': 0.3, 'clf__colsample_bytree': 0.8999999999999999, 'clf__colsample_bylevel': 0.7999999999999999}",0.7219807025675911,0.7223934418966849,0.7224893960214692,0.726828722255693,0.7244115965943245,0.7236207718671526,0.0018106643483766463,63
34,36.416408491134646,1.4821895532657314,0.9456396579742432,0.09601338452230894,0.8999999999999999,250,,0.3,0.4,0.7,"{'clf__subsample': 0.8999999999999999, 'clf__n_estimators': 250, 'clf__max_depth': None, 'clf__learning_rate': 0.3, 'clf__colsample_bytree': 0.4, 'clf__colsample_bylevel': 0.7}",0.7193069893765734,0.718236016412014,0.7180947109284903,0.7222137416621577,0.7181919196218532,0.7192086756002178,0.0015659414766228358,82
35,136.16143770217894,0.6761012309389889,7.910464239120484,0.5767230353304428,0.6,100,80,0.3,0.8999999999999999,0.4,"{'clf__subsample': 0.6, 'clf__n_estimators': 100, 'clf__max_depth': 80, 'clf__learning_rate': 0.3, 'clf__colsample_bytree': 0.8999999999999999, 'clf__colsample_bylevel': 0.4}",0.7193501060236712,0.7204221795398295,0.7200240178355505,0.724098224441494,0.72217991243397,0.721214888054903,0.0017186547916116688,75
36,34.999497938156125,0.9155631914663801,1.0368294715881348,0.08821432110033064,0.5,250,,0.1,0.4,0.5,"{'clf__subsample': 0.5, 'clf__n_estimators': 250, 'clf__max_depth': None, 'clf__learning_rate': 0.1, 'clf__colsample_bytree': 0.4, 'clf__colsample_bylevel': 0.5}",0.7051742179705179,0.7001867488381581,0.70273037053972,0.703758383427805,0.7035048156547766,0.7030709072861956,0.0016443327510864312,95
37,19.22634596824646,0.5091447492700194,0.47136774063110354,0.07412686686179118,0.7999999999999999,100,,0.2,0.6,0.6,"{'clf__subsample': 0.7999999999999999, 'clf__n_estimators': 100, 'clf__max_depth': None, 'clf__learning_rate': 0.2, 'clf__colsample_bytree': 0.6, 'clf__colsample_bylevel': 0.6}",0.7070709923912015,0.7030843563582017,0.7043134302962524,0.7043018575436247,0.7043985595913173,0.7046338392361194,0.0013121617990509836,93
38,627.2342156410217,2.2034707786028287,65.11776275634766,0.4765683017613139,0.7,500,70,0.01,0.4,0.7999999999999999,"{'clf__subsample': 0.7, 'clf__n_estimators': 500, 'clf__max_depth': 70, 'clf__learning_rate': 0.01, 'clf__colsample_bytree': 0.4, 'clf__colsample_bylevel': 0.7999999999999999}",0.7205905040362838,0.7172534563083718,0.7191338833378337,0.7221138375088387,0.7206533114966582,0.7199489985375973,0.0016446564698425962,79
39,534.1614547729492,43.164595064350124,28.601104021072388,2.188362086297507,0.7,250,90,0.2,0.8999999999999999,0.6,"{'clf__subsample': 0.7, 'clf__n_estimators': 250, 'clf__max_depth': 90, 'clf__learning_rate': 0.2, 'clf__colsample_bytree': 0.8999999999999999, 'clf__colsample_bylevel': 0.6}",0.7213840971159904,0.7260469397435538,0.7237537750411996,0.7279075098565718,0.7252891423124659,0.7248762928139563,0.002199300463542203,55
40,196.21099743843078,13.486541977731239,10.961512184143066,0.5091429343533822,0.7,100,70,0.2,0.6,0.6,"{'clf__subsample': 0.7, 'clf__n_estimators': 100, 'clf__max_depth': 70, 'clf__learning_rate': 0.2, 'clf__colsample_bytree': 0.6, 'clf__colsample_bylevel': 0.6}",0.7253083444184452,0.7244435354659733,0.7242151594624634,0.7297292280640835,0.7261768351816021,0.7259746205185136,0.0020010905566020883,45
41,885.5950604915619,11.144159192041428,49.832258749008176,1.7770867822226268,0.5,500,40,0.2,0.8999999999999999,0.6,"{'clf__subsample': 0.5, 'clf__n_estimators': 500, 'clf__max_depth': 40, 'clf__learning_rate': 0.2, 'clf__colsample_bytree': 0.8999999999999999, 'clf__colsample_bylevel': 0.6}",0.7195369814448466,0.7238235932779622,0.7229462895539803,0.726631486901076,0.7245480576264826,0.7234972817608696,0.0023247116807029312,64
42,508.3062387466431,35.71027200225634,25.98377470970154,0.5644416219303456,0.7999999999999999,250,40,0.01,0.8999999999999999,0.6,"{'clf__subsample': 0.7999999999999999, 'clf__n_estimators': 250, 'clf__max_depth': 40, 'clf__learning_rate': 0.01, 'clf__colsample_bytree': 0.8999999999999999, 'clf__colsample_bylevel': 0.6}",0.7233160858682862,0.7228896215966485,0.7256873731753885,0.7310879396263653,0.7260708024808301,0.7258103645495038,0.0029219144074500397,47
43,110.86657147407531,1.1289670428261243,7.069872617721558,0.43974054871014995,0.7999999999999999,100,30,0.01,0.6,0.6,"{'clf__subsample': 0.7999999999999999, 'clf__n_estimators': 100, 'clf__max_depth': 30, 'clf__learning_rate': 0.01, 'clf__colsample_bytree': 0.6, 'clf__colsample_bylevel': 0.6}",0.7096699176922492,0.7076058237569036,0.7114881837137533,0.7135496250120649,0.7110479109083327,0.7106722922166607,0.0019745275816733495,91
44,157.97182397842408,0.5999333814467813,8.127199125289916,0.12570039324279542,0.7999999999999999,100,30,0.01,0.8999999999999999,0.6,"{'clf__subsample': 0.7999999999999999, 'clf__n_estimators': 100, 'clf__max_depth': 30, 'clf__learning_rate': 0.01, 'clf__colsample_bytree': 0.8999999999999999, 'clf__colsample_bylevel': 0.6}",0.7191093301896461,0.7197914175320594,0.7221077487252947,0.728279521567109,0.7226620010861776,0.7223900038200572,0.0032359091430254616,72
45,314.24727325439454,1.4149383801658746,27.185679817199706,0.7204894296463492,0.6,250,50,0.1,0.4,0.7,"{'clf__subsample': 0.6, 'clf__n_estimators': 250, 'clf__max_depth': 50, 'clf__learning_rate': 0.1, 'clf__colsample_bytree': 0.4, 'clf__colsample_bylevel': 0.7}",0.7297646568262255,0.727389309011259,0.7249063821861196,0.7293980033555254,0.7291718885155755,0.728126047978941,0.00180586400298884,13
46,146.42488374710084,3.1971486498923967,9.722959327697755,0.8120625413233612,0.7,100,50,0.1,0.7999999999999999,0.4,"{'clf__subsample': 0.7, 'clf__n_estimators': 100, 'clf__max_depth': 50, 'clf__learning_rate': 0.1, 'clf__colsample_bytree': 0.7999999999999999, 'clf__colsample_bylevel': 0.4}",0.7262551537369736,0.7235965267918898,0.7246356134396396,0.730609121872594,0.7292432802310111,0.7268679392144216,0.002672063482454158,34
47,364.78274483680724,4.541781854255467,25.941442203521728,0.8688904391382672,0.7,250,30,0.1,0.6,0.7999999999999999,"{'clf__subsample': 0.7, 'clf__n_estimators': 250, 'clf__max_depth': 30, 'clf__learning_rate': 0.1, 'clf__colsample_bytree': 0.6, 'clf__colsample_bylevel': 0.7999999999999999}",0.7282696352837715,0.729035543198246,0.726298356924918,0.7322069076055463,0.7298206685659561,0.7291262223156876,0.001934511006097573,6
48,964.0464959621429,35.79736522366598,51.80805101394653,0.43763624691238356,0.8999999999999999,500,40,0.2,0.7999999999999999,0.7999999999999999,"{'clf__subsample': 0.8999999999999999, 'clf__n_estimators': 500, 'clf__max_depth': 40, 'clf__learning_rate': 0.2, 'clf__colsample_bytree': 0.7999999999999999, 'clf__colsample_bylevel': 0.7999999999999999}",0.7250274131546863,0.7267662807716687,0.7272715252562263,0.7305156805450189,0.7281482146409365,0.7275458228737073,0.0018004578869687431,23
49,666.0616884231567,71.9779139639445,49.717224788665774,2.393113174537123,0.6,500,40,0.1,0.6,0.7,"{'clf__subsample': 0.6, 'clf__n_estimators': 500, 'clf__max_depth': 40, 'clf__learning_rate': 0.1, 'clf__colsample_bytree': 0.6, 'clf__colsample_bylevel': 0.7}",0.7247096868358247,0.7268471260845274,0.7258946872346624,0.7305475361617306,0.7288452244667842,0.7273688521567058,0.002088072207435244,25
50,257.07523584365845,4.229479728826343,20.38307194709778,0.7457221569283854,0.6,250,90,0.2,0.5,0.6,"{'clf__subsample': 0.6, 'clf__n_estimators': 250, 'clf__max_depth': 90, 'clf__learning_rate': 0.2, 'clf__colsample_bytree': 0.5, 'clf__colsample_bylevel': 0.6}",0.721697783702234,0.7257014067159765,0.7231216200289553,0.7279957392996456,0.7261809764213363,0.7249395052336295,0.0022483672453348018,53
51,42.08315181732178,1.3177702871298405,1.00071439743042,0.05705849166989018,0.6,250,,0.01,0.4,0.7999999999999999,"{'clf__subsample': 0.6, 'clf__n_estimators': 250, 'clf__max_depth': None, 'clf__learning_rate': 0.01, 'clf__colsample_bytree': 0.4, 'clf__colsample_bylevel': 0.7999999999999999}",0.6717155932954597,0.6692584567134656,0.671888229771322,0.6690524436605697,0.6702135357480539,0.6704256518377741,0.0011913120135066256,100
52,29.207522916793824,0.3655313338157855,0.7285943984985351,0.017059718602103324,0.7,100,10,0.1,0.8999999999999999,0.4,"{'clf__subsample': 0.7, 'clf__n_estimators': 100, 'clf__max_depth': 10, 'clf__learning_rate': 0.1, 'clf__colsample_bytree': 0.8999999999999999, 'clf__colsample_bylevel': 0.4}",0.7115768379023664,0.7107105357713429,0.7094875640574283,0.7154125788638354,0.7126687475971938,0.7119712528384332,0.0020121085645433577,90
53,357.13095750808714,1.7347367603659707,41.86106276512146,0.10754699217962282,0.5,500,60,0.2,0.6,0.4,"{'clf__subsample': 0.5, 'clf__n_estimators': 500, 'clf__max_depth': 60, 'clf__learning_rate': 0.2, 'clf__colsample_bytree': 0.6, 'clf__colsample_bylevel': 0.4}",0.7233707106409105,0.7236540566022913,0.722334544460838,0.7245091736733106,0.7250094787881928,0.7237755928331085,0.0009290787324494694,61
54,292.5046446323395,13.499270007970658,44.517938184738156,2.1075969731088957,0.7999999999999999,500,30,0.2,0.4,0.5,"{'clf__subsample': 0.7999999999999999, 'clf__n_estimators': 500, 'clf__max_depth': 30, 'clf__learning_rate': 0.2, 'clf__colsample_bytree': 0.4, 'clf__colsample_bylevel': 0.5}",0.7268394804573427,0.7272203536550559,0.7261441649456711,0.7301551861027564,0.7274912392887142,0.727570084889908,0.001369547908646188,21
55,185.58797960281373,4.991404377396117,8.444103574752807,0.8224251815413658,0.7,100,80,0.1,0.6,0.8999999999999999,"{'clf__subsample': 0.7, 'clf__n_estimators': 100, 'clf__max_depth': 80, 'clf__learning_rate': 0.1, 'clf__colsample_bytree': 0.6, 'clf__colsample_bylevel': 0.8999999999999999}",0.7250683594751992,0.726001524571622,0.7263382439206076,0.7312408745699989,0.7302122462643778,0.727772249760361,0.002469323961181399,18
56,95.51741890907287,2.792120433017155,6.985051488876342,0.5446673098104825,0.6,100,90,0.2,0.5,0.4,"{'clf__subsample': 0.6, 'clf__n_estimators': 100, 'clf__max_depth': 90, 'clf__learning_rate': 0.2, 'clf__colsample_bytree': 0.5, 'clf__colsample_bylevel': 0.4}",0.723440276786299,0.7257095958003721,0.7219828979978753,0.7277239899283483,0.7290251924316004,0.725576390588899,0.0026076936890972293,50
57,834.5138041496277,5.115988512993466,70.21715421676636,2.290853338223774,0.7999999999999999,500,70,0.1,0.5,0.7,"{'clf__subsample': 0.7999999999999999, 'clf__n_estimators': 500, 'clf__max_depth': 70, 'clf__learning_rate': 0.1, 'clf__colsample_bytree': 0.5, 'clf__colsample_bylevel': 0.7}",0.7285357022250115,0.7273182384581597,0.7275943871534838,0.7291910180285889,0.7304402117998948,0.7286159115330277,0.0011307271947963873,9
58,76.80849275588989,4.548384958752277,3.2335978507995606,0.16089026337633658,0.5,250,10,0.01,0.4,0.7,"{'clf__subsample': 0.5, 'clf__n_estimators': 250, 'clf__max_depth': 10, 'clf__learning_rate': 0.01, 'clf__colsample_bytree': 0.4, 'clf__colsample_bylevel': 0.7}",0.6852470991797311,0.6808528367848183,0.6838114942565838,0.6822429617130684,0.6823493838694434,0.682900755160729,0.0015010295234443108,98
59,637.9867941856385,22.630717246181174,33.729392290115356,3.6074406068912666,0.7,250,50,0.1,0.7999999999999999,0.7,"{'clf__subsample': 0.7, 'clf__n_estimators': 250, 'clf__max_depth': 50, 'clf__learning_rate': 0.1, 'clf__colsample_bytree': 0.7999999999999999, 'clf__colsample_bylevel': 0.7}",0.7237217719180628,0.7271004051646432,0.7265096113564439,0.7305492392487398,0.7286086029169107,0.72729792612096,0.0022688430662941386,27
60,705.7852150440216,6.824428687280618,27.883040809631346,2.736124890411272,0.7,250,90,0.2,0.7,0.8999999999999999,"{'clf__subsample': 0.7, 'clf__n_estimators': 250, 'clf__max_depth': 90, 'clf__learning_rate': 0.2, 'clf__colsample_bytree': 0.7, 'clf__colsample_bylevel': 0.8999999999999999}",0.7258691217829533,0.7261700906057169,0.7252777873994599,0.7292731337390201,0.7277748843379604,0.7268730035730222,0.0014574356696836763,33
61,297.01148381233213,15.422745784395204,26.81407403945923,2.436969302587316,0.8999999999999999,250,30,0.1,0.5,0.6,"{'clf__subsample': 0.8999999999999999, 'clf__n_estimators': 250, 'clf__max_depth': 30, 'clf__learning_rate': 0.1, 'clf__colsample_bytree': 0.5, 'clf__colsample_bylevel': 0.6}",0.7290311718526034,0.727291378234189,0.7280848873571778,0.732652125150173,0.7294298963534854,0.7292978917895256,0.0018350434636805074,5
62,178.13482494354247,2.2956831296582942,8.061895847320557,0.17206034970596226,0.7,100,70,0.01,0.7999999999999999,0.6,"{'clf__subsample': 0.7, 'clf__n_estimators': 100, 'clf__max_depth': 70, 'clf__learning_rate': 0.01, 'clf__colsample_bytree': 0.7999999999999999, 'clf__colsample_bylevel': 0.6}",0.7173310008895161,0.715303437132599,0.7190468138521022,0.7218722960352932,0.7202678608315296,0.7187642817482081,0.002281756636082883,83
63,217.50598340034486,1.455177573640262,8.561366176605224,0.2095888904473564,0.5,100,70,0.2,0.7,0.7,"{'clf__subsample': 0.5, 'clf__n_estimators': 100, 'clf__max_depth': 70, 'clf__learning_rate': 0.2, 'clf__colsample_bytree': 0.7, 'clf__colsample_bylevel': 0.7}",0.7258837844277481,0.7247520333373949,0.7234408435636326,0.7246806402332115,0.725920915028008,0.724935643317999,0.0009168312178828694,54
64,246.11980938911438,2.1909593889382237,10.922804164886475,0.5286785615822365,0.7999999999999999,100,90,0.1,0.8999999999999999,0.5,"{'clf__subsample': 0.7999999999999999, 'clf__n_estimators': 100, 'clf__max_depth': 90, 'clf__learning_rate': 0.1, 'clf__colsample_bytree': 0.8999999999999999, 'clf__colsample_bylevel': 0.5}",0.7242287917431098,0.7265942670330232,0.7262697544860203,0.7309172443581848,0.7304716522978906,0.7276963419836456,0.0025826414850875805,20
65,440.2430555820465,1.5895856295526534,29.663690423965456,1.3389388950674515,0.5,250,90,0.1,0.7,0.5,"{'clf__subsample': 0.5, 'clf__n_estimators': 250, 'clf__max_depth': 90, 'clf__learning_rate': 0.1, 'clf__colsample_bytree': 0.7, 'clf__colsample_bylevel': 0.5}",0.7272646796690317,0.7255561177492063,0.7234072117681851,0.7288029420489022,0.7252225262019728,0.7260506954874596,0.0018421235792828107,43
66,137.42255659103392,6.987401371816106,7.863425588607788,0.2992219936526978,0.6,500,10,0.1,0.4,0.4,"{'clf__subsample': 0.6, 'clf__n_estimators': 500, 'clf__max_depth': 10, 'clf__learning_rate': 0.1, 'clf__colsample_bytree': 0.4, 'clf__colsample_bylevel': 0.4}",0.7251156396184977,0.721194735750537,0.7222021418113017,0.7264894197104284,0.7237525137399794,0.7237508901261489,0.001912832174115832,62
67,279.955157327652,3.8976012885162805,22.32416353225708,0.4256549308335741,0.7,250,70,0.01,0.5,0.5,"{'clf__subsample': 0.7, 'clf__n_estimators': 250, 'clf__max_depth': 70, 'clf__learning_rate': 0.01, 'clf__colsample_bytree': 0.5, 'clf__colsample_bylevel': 0.5}",0.7112190817083014,0.7062612316337882,0.7094068745229635,0.7108254000867268,0.7105219681787938,0.7096469112261147,0.0017970378187914617,92
68,254.45531916618347,5.953997102827491,23.497887659072877,2.1794327634135997,0.5,250,70,0.2,0.5,0.4,"{'clf__subsample': 0.5, 'clf__n_estimators': 250, 'clf__max_depth': 70, 'clf__learning_rate': 0.2, 'clf__colsample_bytree': 0.5, 'clf__colsample_bylevel': 0.4}",0.7206637131097764,0.7230638318358212,0.7211121242477245,0.7262235138627677,0.7256096332909798,0.7233345632694139,0.0022657427225245986,65
69,702.1431063652038,6.200348540292237,58.79055166244507,4.0521745717018485,0.8999999999999999,500,90,0.01,0.5,0.7,"{'clf__subsample': 0.8999999999999999, 'clf__n_estimators': 500, 'clf__max_depth': 90, 'clf__learning_rate': 0.01, 'clf__colsample_bytree': 0.5, 'clf__colsample_bylevel': 0.7}",0.7234322515843377,0.7207119132449227,0.7222154327379244,0.7277482319177562,0.725467698844386,0.7239151056658655,0.0024692460490008373,60
70,296.2861212253571,8.844575914393364,27.751470804214478,1.2069060793481667,0.8999999999999999,250,90,0.2,0.4,0.6,"{'clf__subsample': 0.8999999999999999, 'clf__n_estimators': 250, 'clf__max_depth': 90, 'clf__learning_rate': 0.2, 'clf__colsample_bytree': 0.4, 'clf__colsample_bylevel': 0.6}",0.7262539053070272,0.727129143163276,0.7254677482966786,0.7306674500931375,0.728227776568773,0.7275492046857785,0.0018094544528067958,22
71,401.96369404792785,4.541725983639754,50.56511979103088,1.0904101223839333,0.6,500,80,0.2,0.5,0.4,"{'clf__subsample': 0.6, 'clf__n_estimators': 500, 'clf__max_depth': 80, 'clf__learning_rate': 0.2, 'clf__colsample_bytree': 0.5, 'clf__colsample_bylevel': 0.4}",0.7223353175855288,0.7248705131324269,0.7218023700010014,0.7271853249277427,0.7246712503557186,0.7241729552004836,0.0019393732335863103,58
72,304.60109424591064,6.58572224938741,23.606156396865845,1.6674202312641164,0.8999999999999999,250,90,0.01,0.6,0.6,"{'clf__subsample': 0.8999999999999999, 'clf__n_estimators': 250, 'clf__max_depth': 90, 'clf__learning_rate': 0.01, 'clf__colsample_bytree': 0.6, 'clf__colsample_bylevel': 0.6}",0.718384030615293,0.7154185614091255,0.7186371562980468,0.72112933974652,0.72017591697327,0.7187490010084511,0.0019462601177895023,84
73,239.86860814094544,3.0942703102446254,5.7525636672973635,0.4918776089135223,0.7,500,10,0.3,0.7999999999999999,0.7999999999999999,"{'clf__subsample': 0.7, 'clf__n_estimators': 500, 'clf__max_depth': 10, 'clf__learning_rate': 0.3, 'clf__colsample_bytree': 0.7999999999999999, 'clf__colsample_bylevel': 0.7999999999999999}",0.7292844746876082,0.727798695197744,0.7246588932967994,0.7308521152004204,0.7273420695796269,0.7279872495924398,0.0020697832513935175,14
74,797.4273721218109,14.019475374501605,58.75401525497436,1.6447621456085777,0.7999999999999999,500,80,0.1,0.7,0.6,"{'clf__subsample': 0.7999999999999999, 'clf__n_estimators': 500, 'clf__max_depth': 80, 'clf__learning_rate': 0.1, 'clf__colsample_bytree': 0.7, 'clf__colsample_bylevel': 0.6}",0.7246851128528555,0.7267210747841075,0.7275504540513122,0.7296361420164329,0.7282425296107429,0.7273670626630903,0.0016467514089189503,26
75,278.3643113136292,3.0515929118377856,8.102932596206665,0.1669719630922747,0.6,100,90,0.1,0.8999999999999999,0.8999999999999999,"{'clf__subsample': 0.6, 'clf__n_estimators': 100, 'clf__max_depth': 90, 'clf__learning_rate': 0.1, 'clf__colsample_bytree': 0.8999999999999999, 'clf__colsample_bylevel': 0.8999999999999999}",0.7238125901797188,0.7265125922221995,0.7267818512086752,0.7309389902774446,0.7264005122065365,0.7268893072189149,0.0022916588821565477,32
76,255.789639377594,14.398474885174561,19.807664394378662,1.8969781754157455,0.5,250,30,0.1,0.6,0.7,"{'clf__subsample': 0.5, 'clf__n_estimators': 250, 'clf__max_depth': 30, 'clf__learning_rate': 0.1, 'clf__colsample_bytree': 0.6, 'clf__colsample_bylevel': 0.7}",0.7257490947781204,0.7265497958289064,0.7249961746522774,0.7289924031485616,0.7299458962983881,0.7272466729412508,0.0019040221270510353,28
77,287.99002504348755,6.336887751919243,10.053215742111206,0.6774836750199453,0.7999999999999999,100,70,0.1,0.8999999999999999,0.8999999999999999,"{'clf__subsample': 0.7999999999999999, 'clf__n_estimators': 100, 'clf__max_depth': 70, 'clf__learning_rate': 0.1, 'clf__colsample_bytree': 0.8999999999999999, 'clf__colsample_bylevel': 0.8999999999999999}",0.7245041929791428,0.7261024585705004,0.7285007297749495,0.731492001868746,0.7291221820846812,0.7279443130556039,0.0024294001323325355,15
78,109.57757205963135,0.4757456900867654,5.658906507492065,0.37328182445708813,0.6,100,30,0.2,0.7999999999999999,0.5,"{'clf__subsample': 0.6, 'clf__n_estimators': 100, 'clf__max_depth': 30, 'clf__learning_rate': 0.2, 'clf__colsample_bytree': 0.7999999999999999, 'clf__colsample_bylevel': 0.5}",0.7213276627762194,0.7231801867634833,0.7245157424738249,0.7276605126619065,0.7263494903245207,0.724606718999991,0.002243140133291817,56
79,159.804198551178,4.267547239447329,9.310235357284546,0.2831166481352238,0.6,250,20,0.1,0.6,0.6,"{'clf__subsample': 0.6, 'clf__n_estimators': 250, 'clf__max_depth': 20, 'clf__learning_rate': 0.1, 'clf__colsample_bytree': 0.6, 'clf__colsample_bylevel': 0.6}",0.7269695975234403,0.7283940449198413,0.7277628614410553,0.7330552559582467,0.7321034372863172,0.7296570394257802,0.0024469633193764813,2
80,58.332968378067015,2.163427188100815,2.524815797805786,0.08218264852464553,0.7999999999999999,250,10,0.01,0.4,0.6,"{'clf__subsample': 0.7999999999999999, 'clf__n_estimators': 250, 'clf__max_depth': 10, 'clf__learning_rate': 0.01, 'clf__colsample_bytree': 0.4, 'clf__colsample_bylevel': 0.6}",0.685758743313331,0.6814917411339735,0.6834077409263877,0.6815040528995724,0.6825985195991414,0.6829521595744812,0.0015772991375658386,97
81,255.83841819763182,1.414366754278054,23.767105770111083,0.6599108746733103,0.6,500,20,0.3,0.6,0.5,"{'clf__subsample': 0.6, 'clf__n_estimators': 500, 'clf__max_depth': 20, 'clf__learning_rate': 0.3, 'clf__colsample_bytree': 0.6, 'clf__colsample_bylevel': 0.5}",0.722907305042152,0.7227287637179993,0.720722706541362,0.7255217710330376,0.7231967201701816,0.7230154533009465,0.0015274201071422881,69
82,78.76805787086487,0.602250001010875,1.6732869148254395,0.02553971587434709,0.6,500,,0.2,0.4,0.8999999999999999,"{'clf__subsample': 0.6, 'clf__n_estimators': 500, 'clf__max_depth': None, 'clf__learning_rate': 0.2, 'clf__colsample_bytree': 0.4, 'clf__colsample_bylevel': 0.8999999999999999}",0.7230282540034904,0.7209669925505009,0.721031410098138,0.7278807774878291,0.7236919392832596,0.7233198746846436,0.002521841928756958,66
83,465.2576760292053,5.072447547052188,25.200917339324953,0.27206133129295146,0.7999999999999999,250,70,0.1,0.7,0.7999999999999999,"{'clf__subsample': 0.7999999999999999, 'clf__n_estimators': 250, 'clf__max_depth': 70, 'clf__learning_rate': 0.1, 'clf__colsample_bytree': 0.7, 'clf__colsample_bylevel': 0.7999999999999999}",0.7271175938154939,0.7261615123932004,0.7274314462854787,0.7321663601429367,0.7306163023017703,0.728698642987776,0.0022910702797672325,8
84,90.02860431671142,0.8224618551815626,3.93966965675354,0.052335141935979525,0.6,100,20,0.01,0.7,0.7999999999999999,"{'clf__subsample': 0.6, 'clf__n_estimators': 100, 'clf__max_depth': 20, 'clf__learning_rate': 0.01, 'clf__colsample_bytree': 0.7, 'clf__colsample_bylevel': 0.7999999999999999}",0.7111015121320474,0.710083461441771,0.714629972288422,0.7174325861964649,0.7128106465473321,0.7132116357212075,0.0026163711408779982,88
85,428.469779920578,5.720220477347921,47.90473670959473,0.7362792024446473,0.6,500,40,0.1,0.5,0.6,"{'clf__subsample': 0.6, 'clf__n_estimators': 500, 'clf__max_depth': 40, 'clf__learning_rate': 0.1, 'clf__colsample_bytree': 0.5, 'clf__colsample_bylevel': 0.6}",0.7261480972526362,0.7278815111165308,0.7262831114053396,0.7306844404481937,0.7276120453082539,0.7277218411061908,0.001634696140534674,19
86,52.08772897720337,0.6971956573691345,2.6810182094573975,0.06685144629833993,0.7999999999999999,100,20,0.1,0.7999999999999999,0.4,"{'clf__subsample': 0.7999999999999999, 'clf__n_estimators': 100, 'clf__max_depth': 20, 'clf__learning_rate': 0.1, 'clf__colsample_bytree': 0.7999999999999999, 'clf__colsample_bylevel': 0.4}",0.722811951153572,0.7237070633371406,0.7280992972111776,0.7299432695590282,0.7289670883174711,0.7267057339156779,0.0028875923835643964,36
87,103.31982655525208,1.502254884780656,7.281914949417114,0.13987689871057082,0.7,100,60,0.1,0.7,0.4,"{'clf__subsample': 0.7, 'clf__n_estimators': 100, 'clf__max_depth': 60, 'clf__learning_rate': 0.1, 'clf__colsample_bytree': 0.7, 'clf__colsample_bylevel': 0.4}",0.7245621893253021,0.7273558523141576,0.7266267766262148,0.728490581921537,0.7283284200072807,0.7270727640388984,0.0014261071906188818,30
88,72.29845952987671,0.6563147832678256,1.685490608215332,0.08196581720504921,0.5,500,,0.1,0.7999999999999999,0.4,"{'clf__subsample': 0.5, 'clf__n_estimators': 500, 'clf__max_depth': None, 'clf__learning_rate': 0.1, 'clf__colsample_bytree': 0.7999999999999999, 'clf__colsample_bylevel': 0.4}",0.7153384818442091,0.7123849261465557,0.7126569448954024,0.7150430433359971,0.7141793637744962,0.7139205519993321,0.0012076709033227025,87
89,132.61627764701842,1.9231726715428767,7.245035028457641,0.3053934326869062,0.7,100,90,0.2,0.5,0.7999999999999999,"{'clf__subsample': 0.7, 'clf__n_estimators': 100, 'clf__max_depth': 90, 'clf__learning_rate': 0.2, 'clf__colsample_bytree': 0.5, 'clf__colsample_bylevel': 0.7999999999999999}",0.7260976561207079,0.7233045593731104,0.7240222070974881,0.7280246047316681,0.7266057854129198,0.7256109625471788,0.0017260273024338984,48
90,54.80669546127319,0.2569811784936503,1.7359172821044921,0.038780674122584374,0.7999999999999999,250,10,0.3,0.6,0.5,"{'clf__subsample': 0.7999999999999999, 'clf__n_estimators': 250, 'clf__max_depth': 10, 'clf__learning_rate': 0.3, 'clf__colsample_bytree': 0.6, 'clf__colsample_bylevel': 0.5}",0.7272246912187921,0.7287109995010512,0.7282836257853555,0.7340172117504545,0.7313040624743017,0.729908118145991,0.002453819853674167,1
91,19.42450108528137,0.349012398805899,0.36545438766479493,0.010763562236397592,0.6,100,,0.01,0.8999999999999999,0.5,"{'clf__subsample': 0.6, 'clf__n_estimators': 100, 'clf__max_depth': None, 'clf__learning_rate': 0.01, 'clf__colsample_bytree': 0.8999999999999999, 'clf__colsample_bylevel': 0.5}",0.6809499721913965,0.6786235751517489,0.6807135442112275,0.6807996592570249,0.6814586633829101,0.6805090828388616,0.000977493220084682,99
92,65.07875537872314,0.6041868362393935,5.425860977172851,0.1007846195448896,0.6,100,70,0.2,0.4,0.4,"{'clf__subsample': 0.6, 'clf__n_estimators': 100, 'clf__max_depth': 70, 'clf__learning_rate': 0.2, 'clf__colsample_bytree': 0.4, 'clf__colsample_bylevel': 0.4}",0.7253061698597186,0.7262970657165835,0.7242021777853052,0.7261033613467577,0.7276609721954275,0.7259139493807585,0.0011431799224802593,46
93,330.8143036365509,0.9926999171902201,17.892137622833253,0.18916138189604698,0.6,250,30,0.1,0.8999999999999999,0.7,"{'clf__subsample': 0.6, 'clf__n_estimators': 250, 'clf__max_depth': 30, 'clf__learning_rate': 0.1, 'clf__colsample_bytree': 0.8999999999999999, 'clf__colsample_bylevel': 0.7}",0.7261178184383265,0.7262211444606598,0.7287808865286095,0.7308941127396631,0.7299408573532277,0.7283909639040973,0.0019336633717083325,10
94,313.2484965801239,10.83428205507283,21.197111701965333,1.9448212584035394,0.6,250,50,0.01,0.7,0.7,"{'clf__subsample': 0.6, 'clf__n_estimators': 250, 'clf__max_depth': 50, 'clf__learning_rate': 0.01, 'clf__colsample_bytree': 0.7, 'clf__colsample_bylevel': 0.7}",0.7184005575253223,0.7165441109048144,0.7198244105135779,0.7233247172731261,0.7212442708137333,0.7198676134061148,0.0023257919549562805,80
95,414.2247680664062,1.923151589754456,40.25798091888428,1.123519625413986,0.7,500,30,0.3,0.7,0.5,"{'clf__subsample': 0.7, 'clf__n_estimators': 500, 'clf__max_depth': 30, 'clf__learning_rate': 0.3, 'clf__colsample_bytree': 0.7, 'clf__colsample_bylevel': 0.5}",0.7208517717998948,0.7223373687147268,0.7214427097983097,0.7243003043455177,0.7254364780788544,0.7228737265474606,0.0017335864147979383,71
96,275.29302916526797,3.57679120211213,19.81120662689209,1.0435058157616588,0.6,250,80,0.3,0.8999999999999999,0.4,"{'clf__subsample': 0.6, 'clf__n_estimators': 250, 'clf__max_depth': 80, 'clf__learning_rate': 0.3, 'clf__colsample_bytree': 0.8999999999999999, 'clf__colsample_bylevel': 0.4}",0.7191043390198782,0.7216800032223941,0.7186017535852899,0.724488589318446,0.7214593245153305,0.7210668019322678,0.002105537591783995,76
97,102.30114884376526,2.208721191620304,6.753176879882813,0.968308870173317,0.8999999999999999,100,30,0.1,0.7999999999999999,0.5,"{'clf__subsample': 0.8999999999999999, 'clf__n_estimators': 100, 'clf__max_depth': 30, 'clf__learning_rate': 0.1, 'clf__colsample_bytree': 0.7999999999999999, 'clf__colsample_bylevel': 0.5}",0.7260667548711632,0.7259709749631711,0.728091978394359,0.731157820461336,0.72993943936064,0.7282453936101339,0.0020637346890256033,11
98,721.2142164707184,8.850460929500429,43.430218410491946,3.3714404583807305,0.7999999999999999,500,90,0.1,0.6,0.8999999999999999,"{'clf__subsample': 0.7999999999999999, 'clf__n_estimators': 500, 'clf__max_depth': 90, 'clf__learning_rate': 0.1, 'clf__colsample_bytree': 0.6, 'clf__colsample_bylevel': 0.8999999999999999}",0.7272441004802254,0.7279680927750676,0.7269723876167897,0.7325269947957863,0.7294392370419812,0.7288301625419701,0.0020370383049300726,7
99,37.53741660118103,0.8326472176811863,0.877951717376709,0.06339718884105237,0.7,250,,0.3,0.5,0.6,"{'clf__subsample': 0.7, 'clf__n_estimators': 250, 'clf__max_depth': None, 'clf__learning_rate': 0.3, 'clf__colsample_bytree': 0.5, 'clf__colsample_bylevel': 0.6}",0.720093815570946,0.7172557255948087,0.7192154602706526,0.7215107437441357,0.7229964796816919,0.720214444972447,0.001958910404866096,78
